JLL,google.com/url?q=https://jll.wd1.myworkdayjobs.com/en-GB/jllcareers?locationCountry%3Dc4f78be1a8f14da0ab49ce1162348a5e&source=gmail&ust=1768368690364000&usg=AOvVaw0nLkd3piPITRCNiGSTjFdC
Accenture,https://www.accenture.com/in-en/careers/jobsearch?ct=Ahmedabad%7CBengaluru%7CBhubaneswar%7CChennai%7CCoimbatore%7CGandhinagar%7CGurugram%7CHyderabad%7CIndore%7CJaipur%7CKochi%7CKolkata%7CMumbai%7CNagpur%7CNavi%20Mumbai%7CNew%20Delhi%7CNoida%7CPune%7CThiruvananthapuram
Amazon,https://www.amazon.jobs/en/search?base_query=&loc_query=India&type=area&longitude=77.21676&latitude=28.63141&country=IND
Amazon Web Services,https://www.amazon.jobs/en/search?offset=0&result_limit=10&sort=relevant&business_category%5B%5D=amazon-web-services&distanceType=Mi&radius=24km&latitude=&longitude=&loc_group_id=&loc_query=India&base_query=&city=&country=IND&region=&county=&query_options=&
Bain & Company,"https://www.bain.com/careers/find-a-role/?filters=offices(275,276,274)|"
Boston Consulting Group,https://careers.bcg.com/global/en/search-results?rk=page-targeted-jobs-page54-prod-ds-Nusa6pGk&sortBy=Most%20relevant
Deloitte,https://usijobs.deloitte.com/en_US/careersusi
EY,"https://eyglobal.yello.co/job_boards/c1riT--B2O-KySgYWsZO1Q?locale=en
https://careers.ey.com/ey/search/?createNewAlert=false&q=&optionsFacetsDD_customfield1=Strategy+and+Transactions&optionsFacetsDD_country=IN&optionsFacetsDD_city=
https://careers.ey.com/ey/search/?createNewAlert=false&q=&optionsFacetsDD_customfield1=&optionsFacetsDD_country=IN&optionsFacetsDD_city="
Flipkart,https://www.flipkartcareers.com/flipkart/jobslist
KPMG,https://ejgk.fa.em2.oraclecloud.com/hcmUI/CandidateExperience/en/sites/CX_1/jobs?mode=location
McKinsey & Company,https://www.mckinsey.com/careers/search-jobs?countries=India
Meesho,https://www.meesho.io/jobs
Myntra,https://jobs.myntra.com/home
Parle Agro,https://paplconnectplus.darwinbox.in/ms/candidatev2/main/careers/allJobs
PricewaterhouseCoopers (PwC),"https://www.pwc.in/careers/experienced-jobs/results.html?wdcountry=IND|BGD&wdjobsite=Global_Experienced_Careers&flds=jobreqid,title,location,jobsite,iso"
Procter & Gamble,https://www.pgcareers.com/in/en/search-results?m=3
Tata Administrative Services,https://www.tata.com/careers/jobs/joblisting
Zepto,https://zepto.talentrecruit.com/career-page
Zoho Corporation,https://www.zoho.com/careers/#jobs
Aditya Birla Group,https://careers.adityabirla.com/job-search
Adobe Inc.,https://careers.adobe.com/us/en/search-results?qcountry=India
Apple Inc.,https://jobs.apple.com/en-in/search?location=india-INDC&page=2
Citigroup,https://jobs.citi.com/location/india-jobs/287/1269750/2
Cognizant,https://careers.cognizant.com/india-en/jobs/?keyword=&location=India&lat=&lng=&cname=India&ccode=IN&origin=global
Colgate-Palmolive,https://jobs.colgate.com/go/View-All-Jobs/8506400/?markerViewed=&carouselIndex=&facetFilters=%7B%22filter1%22%3A%5B%22India%22%5D%7D&pageNumber=0
Godrej Group,https://godrejcareers.peoplestrong.com/job/joblist
Google,https://www.google.com/about/careers/applications/jobs/results?location=India
HCLTech,https://careers.hcltech.com/go/NonTPDemand/9558355/
ITC Limited,https://recruitment.itcportal.com/jobs/Careers#summer-internship
JPMorgan Chase,https://jpmc.fa.oraclecloud.com/hcmUI/CandidateExperience/en/sites/CX_1001/jobs?location=India&locationId=300000000289360&locationLevel=country&mode=location
Larsen & Toubro,https://larsentoubrocareers.peoplestrong.com/job/joblist
Mondelez International,https://www.mondelezinternational.com/careers/jobs/?term&countrycode=IN
Reckitt,https://careers.reckitt.com/search/?createNewAlert=false&q=&locationsearch=India&optionsFacetsDD_facility=&optionsFacetsDD_country=
Jio,https://careers.jio.com/frmJobCategories.aspx?func=w+cpdiT6wL4=&loc=/wASbQn4xyQ=&expreq=/wASbQn4xyQ=&flag=/wASbQn4xyQ=&poston=6JCGsKeGvVZx6Lxy4pI54VzntXOmB1aj
The Coca-Cola Company,https://careers.coca-colacompany.com/?store_id=India
Axis Bank,https://axisbank.ripplehire.com/candidate/?token=WIXhCuz0XRZ7H0GZCwjJ&source=CAREERSITE#list
Bank of America,https://careers.bankofamerica.com/en-us/job-search/india?ref=search&start=0&rows=10&search=jobsByLocation&searchstring=India
Capgemini,https://www.capgemini.com/in-en/careers/join-capgemini/job-search/?page=1&size=11&country_code=in-en
Goldman Sachs,https://higher.gs.com/results?LOCATION=Bengaluru|Hyderabad|Mumbai&page=1&sort=RELEVANCE
HDFC Bank,https://www.linkedin.com/jobs/search/?currentJobId=4351653282&f_C=164151&geoId=92000000&origin=COMPANY_PAGE_JOBS_CLUSTER_EXPANSION&originToLandingJobPostings=4351653282%2C4351643256%2C4351703347%2C4351203296%2C4345895168%2C4350933638%2C4352539361%2C4351199103%2C4353042756
Hindustan Unilever Limited,https://careers.unilever.com/en/search-jobs
HSBC,https://portal.careers.hsbc.com/careers?location=India
IBM,https://www.ibm.com/in-en/careers/search?field_keyword_05[0]=India
ICICI Bank,https://www.linkedin.com/jobs/search/?currentJobId=4344909707&f_C=2967&geoId=92000000&origin=COMPANY_PAGE_JOBS_CLUSTER_EXPANSION&originToLandingJobPostings=4344909707%2C4344687209%2C4358932424%2C4344909715%2C4344510067%2C4344776459%2C4344450623%2C4338202809%2C4344341030
Infosys,https://career.infosys.com/jobs?companyhiringtype=IL&countrycode=IN
L'Oréal,https://careers.loreal.com/en_US/jobs/SearchJobs/?3_110_3=18031
Mahindra & Mahindra,https://jobs.mahindracareers.com/search/?createNewAlert=false&q=&locationsearch=&optionsFacetsDD_shifttype=&optionsFacetsDD_facility=&optionsFacetsDD_customfield1=
Marico,https://marico.sensehq.com/careers
Meta,https://www.metacareers.com/jobsearch?offices[0]=Mumbai%2C%20India&offices[1]=Gurgaon%2C%20India&offices[2]=Bangalore%2C%20India&offices[3]=Hyderabad%2C%20India&offices[4]=New%20Delhi%2C%20India
Microsoft,https://apply.careers.microsoft.com/careers?location=India&hl=en
Morgan Stanley,https://morganstanley.eightfold.ai/careers?source=mscom&start=0&pid=549795398771&sort_by=timestamp&filter_city=Mumbai%2CBengaluru
Nestlé,https://www.nestle.in/jobs/search-jobs?keyword=&country=IN
Nvidia,https://nvidia.eightfold.ai/careers?start=0&location=India&pid=893392494148&sort_by=distance&filter_include_remote=0
Samsung,https://sec.wd3.myworkdayjobs.com/Samsung_Careers?locations=0c974e8c1228010867596ab21b3c3469&locations=189767dd6c9201004b83aa89a5295a80
State Bank of India,https://sbi.bank.in/web/careers/current-openings
Swiggy,https://careers.swiggy.com/#/careers?src=careers
Tata Consultancy Services,https://ibegin.tcsapps.com/candidate/jobs/search
Tata Consumer Products,https://careers.tataconsumer.com/search/?createNewAlert=false&q=&locationsearch=India&optionsFacetsDD_title=
Tech Mahindra,https://careers.techmahindra.com/Currentopportunity.aspx#Advance
Tesla,https://hire-r1.mokahr.com/social-recruitment/tesla/100004142#/jobs?page=1&anchorName=jobsList
Varun Beverages,https://rjcorphcm-iacbiz.fa.ocs.oraclecloud.com/hcmUI/CandidateExperience/en/sites/CX_1/jobs?location=India&locationId=300000000489931&locationLevel=country&mode=location
Walmart,https://www.linkedin.com/jobs/search/?currentJobId=4331584754&f_C=9390173&geoId=92000000&origin=COMPANY_PAGE_JOBS_CLUSTER_EXPANSION&originToLandingJobPostings=4331584754%2C4350824998%2C4351943096%2C4313350910%2C4352509573%2C4347323413%2C4340033998%2C4255737177%2C4346223869
Wipro,https://careers.wipro.com/search/?q=&locationsearch=India&searchResultView=LIST
PepsiCo,https://www.pepsicojobs.com/main/jobs?stretchUnit=MILES&stretch=10&location=India&woe=12&regionCode=IN
BookMyShow,https://bookmyshow.hire.trakstar.com/
Abbott Laboratories,https://www.jobs.abbott/us/en/search-results?qcountry=India&utm_source=abbott.in&utm_campaign=.com-CTAs&utm_content=careers&utm_medium=website&lnkid=20595
AbbVie,https://careers.abbvie.com/en/jobs?q=&options=&page=1&ln=India&lr=100&li=IN
Adani Group,https://www.adani.com/opportunity/#en/sites/CX_1/jobs
American Express,https://aexp.eightfold.ai/careers?location=India&pid=39603074&domain=aexp.com&sort_by=relevance&hl=en&triggerGoButton=false
Angel One,https://www.angelone.in/careers
Asian Paints,https://careers.asianpaints.com/search/?createNewAlert=false&q=&locationsearch=India
AT&T,https://www.att.jobs/location/india-jobs/117/1269750/2
Bajaj Auto,https://www.bajajauto.com/careers/search-result
Boeing,https://jobs.boeing.com/location/india-country-jobs/185/1269750/2
Cipla,https://careers.cipla.com/search/?createNewAlert=false&q=&locationsearch=&optionsFacetsDD_location=&optionsFacetsDD_dept=&optionsFacetsDD_country=
Cummins,https://cummins.jobs/jobs/?location=India
Cyient,https://careers.cyient.com/cyient/
Dell Technologies,https://jobs.dell.com/en/location/india-jobs/375/1269750/2
Dr. Reddy's Laboratories,https://careers.drreddys.com/jobs?options=3877&page=1
Royal Enfield,https://careers.royalenfield.com/us/en
Eli Lilly and Company,https://careers.lilly.com/us/en/india
ExxonMobil,https://jobs.exxonmobil.com/search/?createNewAlert=false&q=&locationsearch=India&optionsFacetsDD_department=&optionsFacetsDD_shifttype=&optionsFacetsDD_country=
FedEx,https://careers.fedex.com/jobs?location_name=India&location_type=4
Fortis Healthcare,https://fa-ermg-saasfaprod1.fa.ocs.oraclecloud.com/hcmUI/CandidateExperience/en/sites/CX_1/jobs?location=India&locationId=300000000433119&locationLevel=country&mode=location
Hero FinCorp,https://www.herofincorp.com/career#explore_job_section
Hero MotoCorp,https://jobs.heromotocorp.com/search/?createNewAlert=false&q=&optionsFacetsDD_department=&locationsearch=
Hindalco Industries,https://careers.adityabirla.com/job-search
Honeywell,https://careers.honeywell.com/en/sites/Honeywell/jobs?location=India&locationId=300000000469485&locationLevel=country&mode=location
HP Inc.,https://apply.hp.com/careers?start=0&location=India&pid=39061145&sort_by=distance&filter_include_remote=1
India Infoline (IIFL),https://iifl.darwinbox.in/ms/candidatev2/main/careers/allJobs
Intel,https://intel.wd1.myworkdayjobs.com/External?locations=1e4a4eb3adf101ab560f6577bf81eacf&locations=1e4a4eb3adf1015ff0865f77bf81e5cf&locations=1e4a4eb3adf101fec7c50d79bf814fd1&locations=1e4a4eb3adf101f44070f976bf8184cf
Johnson & Johnson,https://www.careers.jnj.com/en/jobs/?orderby=0&pagesize=20&page=1&radius=100&country=India
JSW Energy,https://jswgroup.turbohire.co/dashboardv2?orgId=9b510aa7-a9f2-46a7-aeb7-8853d81bcf10&type=0
Jubilant FoodWorks,https://fa-exph-saasfaprod1.fa.ocs.oraclecloud.com/hcmUI/CandidateExperience/en/sites/jubilant/jobs?location=India&locationId=300000000465349&locationLevel=country&mode=location
Kotak Mahindra Bank,https://hcbt.fa.em2.oraclecloud.com/hcmUI/CandidateExperience/en/sites/CX/jobs?mode=location
KPIT Technologies,https://www.kpit.com/job-listing/?country=India&location=&exp=
Lowe's,https://talent.lowes.com/in/en/search-results?keywords=India
Maruti Suzuki,https://maruti.app.param.ai/jobs/
Max Life Insurance,https://career.axismaxlife.com/axismaxlife/
MetLife,https://www.metlifecareers.com/en_US/ml/SearchJobs/?12310=%5B116642%5D&12310_format=9873&listFilterMode=1&jobRecordsPerPage=6&
Muthoot Finance,https://career.muthootfinance.com/Pages/CareerPortal/frmApplicantJobSearch.aspx?d37c3bb0038bd55ea687d5e911208273
Netflix,https://explore.jobs.netflix.net/careers?location=India&pid=790313595051&Region=apac&domain=netflix.com&sort_by=relevance&triggerGoButton=false&triggerGoButton=true
Nike,https://careers.nike.com/jobs?location_name=India&location_type=4
Paytm,https://paytm.ripplehire.com/candidate/?token=Jrn4GUz6HCYtOdlkVCzo&lang=en&source=CAREERSITE#list/acc=Paytm
Oracle Corporation,https://careers.oracle.com/en/sites/jobsearch/jobs?location=India&locationId=300000000106947
Persistent Systems,https://careers.persistent.com/explore-opportunities
Pfizer,https://www.pfizer.co.in/careers/search-results?langcode=en&region[0]=India&count=10&sort=latest
Piramal Group,https://hcwf.fa.ap1.oraclecloud.com/hcmUI/CandidateExperience/en/sites/CX_1005/jobs?location=India&locationId=300000000345142&locationLevel=country&mode=location
Qualcomm,https://careers.qualcomm.com/careers?location=India&pid=446716281429&domain=qualcomm.com&sort_by=relevance&triggerGoButton=false&triggerGoButton=true
Salesforce,https://careers.salesforce.com/en/jobs/?search=&country=India&pagesize=20#results
Shoppers Stop,https://shopperstop.preprod1.openings.co/#!/joblist
Starbucks,https://careers.starbucks.in/search/?createNewAlert=false&q=&locationsearch=India
Sun Pharma,https://careers.sunpharma.com/search/?createNewAlert=false&q=&locationsearch=India&optionsFacetsDD_customfield2=
Target Corporation,https://indiajobs.target.com/search-jobs?k=india&fl=1269750
Tata Advanced Systems,https://chroma.tcsapps.com/webhcm/tslt/careers
Tata Communications,https://jobs.tatacommunications.com/home
Tata Motors,https://careers.tatamotors.com/search/?createNewAlert=false&q=
Tata Steel,https://tatasteel.ripplehire.com/candidate/?token=kYAz91uy1lFDi6FeSiRZ&lang=en&source=CAREERSITE#list
Titan Company,https://careers.titan.in/in/en/search-results
Uber,https://www.uber.com/in/en/careers/list/?location=IND-Haryana-Gurgaon&location=IND-Karn%C4%81taka-Bangalore&location=IND-Telang%C4%81na-Hyderabad&location=IND-Andhra%20Pradesh-Visakhapatnam&location=IND-Hary%C4%81na-Gurgaon
United Airlines,https://careers.united.com/us/en/search-results?keywords=India
UnitedHealth Group,https://careers.unitedhealthgroup.com/job-search-results/?location=India&country=IN&radius=25&src=NGP-22510
Vedanta Limited,https://vhr.darwinbox.in/ms/candidate/careers
Visa Inc.,https://www.visa.co.in/en_in/jobs/?cities=Bangalore&cities=Mumbai
Vodafone Idea,https://careers.vodafoneidea.com/go/All-Current-Job-Opportunities/4268701/?q=&sortColumn=referencedate&sortDirection=desc
Voltas,https://voltas.talentrecruit.com/career-page
Warner Bros. Discovery,https://careers.wbd.com/global/en/search-results
Wells Fargo,https://www.wellsfargojobs.com/en/jobs/?search=&country=India&pagesize=20#results
Xiaomi,https://www.linkedin.com/company/xiaomi-india/jobs/?viewAsMember=true
Yes Bank,https://yesforyou.talentrecruit.com/career-page
Zensar Technologies,https://fa-etvl-saasfaprod1.fa.ocs.oraclecloud.com/hcmUI/CandidateExperience/en/sites/CX_1/jobs?lastSelectedFacet=LOCATIONS&selectedLocationsFacet=300000000435151%3B300000000389881%3B300000000435178%3B300000000435310%3B300000000435430
American Tower,https://careers.americantower.com/#en/sites/CX_1/jobs?location=India&locationId=300000000193939&locationLevel=country&mode=location
Brigade Group,https://brigadegroup.darwinbox.in/ms/candidatev2/main/careers/allJobs
GE Aerospace,https://careers.geaerospace.com/global/en/search-results
ABB,https://careers.abb/global/en/search-results
Adani Energy Solutions,https://www.adani.com/opportunity/#en/sites/CX_2027/jobs
Adani Ports & SEZ,https://www.adani.com/opportunity/#en/sites/CX_2021/jobs
Airbus,https://ag.wd3.myworkdayjobs.com/Airbus?locationCountry=c4f78be1a8f14da0ab49ce1162348a5e
Allianz,https://careers.allianz.com/global/en/search-results?p=ChIJkbeSa_BfYzARphNChaFPjNc&location=India
Amara Raja Group,https://amararajacareers.peoplestrong.com/job/joblist
Asahi India Glass,https://ais.darwinbox.in/ms/candidatev2/main/careers/allJobs
AstraZeneca,https://careers.astrazeneca.com/location/india-jobs/7684/1269750/2
AXA,https://careers.axa.com/careers-home/jobs?country=India&page=1
Bajaj Finserv,https://bflcareers.peoplestrong.com/job/joblist
Barclays,https://search.jobs.barclays/search-jobs/India/13015/2/1269750/22/79/50/2
BASF,https://basf.jobs/?currentPage=1&pageSize=10&addresses%2Fcountry=India
Bayer,https://talent.bayer.com/careers?location=any&pid=562949975473181&job%20type=student&job%20type=professional&job%20type=job%20starter&domain=bayer.com&sort_by=relevance&triggerGoButton=false
Berger Paints,https://iabiiz.fa.ocs.oraclecloud.com/hcmUI/CandidateExperience/en/sites/CX_1/jobs
Birlasoft,https://jobs.birlasoft.com/go/India/684744/
Black Box,https://eoje.fa.us2.oraclecloud.com/hcmUI/CandidateExperience/en/sites/CX_1001/jobs?location=India&locationId=300000000385390&locationLevel=country&mode=location
DHL Group,"https://careers.dhl.com/global/en/search-results?selected_fields=%7b%22businessUnit%22:%5b%22eCommerce%20Solutions%22%5d,%22country%22:%5b%22India%22%5d%7d"
BNP Paribas,https://group.bnpparibas/en/careers/all-job-offers/india
Bosch,https://careers.smartrecruiters.com/BoschGroup/india
BP,https://careers.bp.com/listing?production_bp_jobs%5BrefinementList%5D%5Blocation_list%5D%5B0%5D=India
Coforge,https://careers.coforge.com/coforge/
Continental,"https://jobs.continental.com/en/#/?location=%7B%22title%22:%22India%22,%22type%22:%22country%22,%22countryCode%22:%22in%22%7D"
Croma,https://fa-eryk-saasfaprod1.fa.ocs.oraclecloud.com/hcmUI/CandidateExperience/en/sites/CX_1001/jobs?location=India&locationId=300000000446243&locationLevel=country&mode=location
DBS Bank,https://www.dbs.com/careers/jobs.page?market=India
DCB Bank,https://zingnext.zinghr.com/portal/embed/career-website?CareerClientKey=ASDFQ-BAHDV-QWERM
Deutsche Bank,https://careers.db.com/professionals/search-roles/#/professional/results/?country=81
ESAF Small Finance Bank,https://esafcareers.zappyhire.com/#/
Finolex Group,https://www.finolexpipes.com/career/
Gallantt Ispat,https://gallantt.com/careers
Glencore,https://www.glencore.com/careers/jobs
Granules India,https://granulesindia.com/careers/current-openings/
GSK,https://jobs.gsk.com/india-pharma/jobs?location=india&page=1
HDFC Ergo,https://hdfcergocareers.peoplestrong.com/job/joblist
Hexaware Technologies,https://jobs.hexaware.com/#en/sites/CX_1/jobs?mode=location
Hindustan Aeronautics,https://hal-india.co.in/career
Hitachi,https://careers.hitachi.com/search/jobs/in/country/india
Hyundai Mobis,https://hyundaimobisin.openings.co/hyundaimobisin/
IFB Home Appliances,https://www.ifbappliances.com/career-jobs?srsltid=AfmBOorzq8AZxtkwNBpLChYD39mxFPk6pMMORPbmsa8slLvkLa-oARFQ#react-careers-listing-page
IndusInd Bank,https://app1100.workline.hr/Cportal/GeneralOpening.aspx
Jammu and Kashmir Bank,https://jkb.bank.in/career?title=&field_job_location_target_id=1405
Jindal Saw,https://jslhrms.darwinbox.in/ms/candidatev2/main/careers/allJobs
Kalyan Jewellers,https://careers.kalyanjewellers.company/explore/INDIA
Kia,https://career.kiaindia.net/kiaindia/
Kirloskar Oil Engines,https://mhicareers.com/search/?createNewAlert=false&q=&locationsearch=IND&optionsFacetsDD_title=&optionsFacetsDD_facility=&optionsFacetsDD_customfield5=&optionsFacetsDD_brand=
Lenovo,https://jobs.lenovo.com/en_US/careers/SearchJobs/?13042=%5B12016672%5D&13042_format=6627&listFilterMode=1&jobRecordsPerPage=10&
Lodha Group,https://www.lodhagroup.com/hr/explore-career
Mercedes-Benz,https://jobs.mercedes-benz.com/en?en=&PositionLocation.Country=%5B390%5D
Mitsubishi Heavy Industries,https://mhicareers.com/PrimetalsTechnologies/search/?createNewAlert=false&q=&locationsearch=India&optionsFacetsDD_title=&optionsFacetsDD_facility=&optionsFacetsDD_customfield5=&optionsFacetsDD_brand=
Motilal Oswal Financial Services,https://motilaloswal.turbohire.co/dashboardv2?orgId=0f6e3a76-85ff-4b66-8bfa-4cd4fede4ffa&type=0
NatWest Group,https://jobs.natwestgroup.com/search/jobs/in/country/india
Nippon Steel,https://www.amns.in/careers/join_us
Niva Bupa,https://disha.darwinbox.in/ms/candidatev2/main/careers/allJobs
Novartis,https://www.novartis.com/in-en/careers/career-search?country%5B0%5D=LOC_IN&field_alternative_country%5B0%5D=LOC_IN
NTT,https://careers.services.global.ntt/global/en/search-results
Panasonic,https://careers.na.panasonic.com/jobs?location=India&woe=12&regionCode=IN&stretchUnit=MILES&stretch=50&page=1
Philips,https://www.careers.philips.com/in/en/search-results
PNC Infratech,https://www.pncinfratech.com/career.html
Polycab India,https://polycab.darwinbox.in/ms/candidate/careers
Poonawalla Fincorp,https://career.poonawallafincorp.com/
Quess Corp,https://fa-eumz-saasfaprod1.fa.ocs.oraclecloud.com/hcmUI/CandidateExperience/en/sites/CX_1/jobs?location=India&locationId=300000000433655&locationLevel=country&mode=location
RBL Bank,https://rblcareers.peoplestrong.com/job/joblist
Cisco,https://careers.cisco.com/global/en/search-results
Intuit,https://jobs.intuit.com/location/india-jobs/27595/1269750/2?cid=evt_tc_gen_IN_SWE-FY23_TC_EB-Emp-Jobs-Banner_TC_intuit-talentmktg#form-sw
Saint-Gobain,https://saintgobain.turbohire.co/dashboardv2?orgId=18b62a1d-bdb3-4bfc-a33b-be896e18431d&type=0
SAP,https://jobs.sap.com/go/India/8807201/
Schaeffler India,https://jobs.schaeffler.com/?locale=en_US&carrerEntrance=entranceReferral%3Dhttps%253A%252F%252Fwww.google.com%252F%26gtmAttTs%3D1769178311243&_gl=1*1vjlvit*_gcl_au*MTkxMTQ2NTM2Mi4xNzY5MTc4MzA4&currentPage=1&pageSize=30&addresses%2FcountryCity=India%3ABangalore&addresses%2FcountryCity=India%3AHosur&addresses%2FcountryCity=India%3APune&addresses%2FcountryCity=India%3AVadodara
Schneider Electric,https://careers.se.com/jobs?country=India&page=1
Shell,https://shell.wd3.myworkdayjobs.com/en-GB/shellcareers?source=APPLICANT_SOURCE_India_Local_Page&locationCountry=c4f78be1a8f14da0ab49ce1162348a5e
Siemens,https://jobs.siemens.com/en_US/externaljobs/SearchJobs/?42414=%5B812053%5D&42414_format=17570&listFilterMode=1&folderRecordsPerPage=6&
Siemens Energy,https://jobs.siemens.com/en_US/externaljobs/SearchJobs/siemens%20energy%20india%20limited?listFilterMode=1&folderRecordsPerPage=6&
Skoda Auto Volkswagen India,https://skoda-vw.darwinbox.in/ms/candidate/careers
Standard Chartered,https://jobs.standardchartered.com/go/Experienced-Professional-jobs/9783657/?feedid=363857&markerViewed=&carouselIndex=&facetFilters=%7B%22jobLocationCountry%22%3A%5B%22India%22%5D%7D&pageNumber=0
Swiss Re,https://www.swissre.com/careers/india.html
Agilent Technologies,https://agilent.wd5.myworkdayjobs.com/en-GB/Agilent_Careers?locationCountry=c4f78be1a8f14da0ab49ce1162348a5e
Aye Finance,https://ayefin.com/careers/join-us#opportunities
Cadence,https://cadence.wd1.myworkdayjobs.com/External_Careers?Location_Country=c4f78be1a8f14da0ab49ce1162348a5e
IHG,https://careers.ihg.com/en/search-and-apply/?area=india&region=
Marriott International,https://careers.marriott.com/jobs?location_name=India&location_type=4
S&P Global,"https://careers.spglobal.com/jobs?locations=Ahmedabad,Gujar%C4%81t,India%7CBangalore,Karn%C4%81taka,India%7CBengaluru,Karn%C4%81taka,India%7CChennai,Tamil%20N%C4%81du,India%7CGurgaon,Hary%C4%81na,India%7CGurugram,Hary%C4%81na,India%7CHyderabad,Telang%C4%81na,India%7CMumbai,Mah%C4%81r%C4%81shtra,India%7CNoida,Uttar%20Pradesh,India%7CVirtual~%20Gurgaon,Hary%C4%81na,India%7CAhmedabad,,India%7CBengaluru,,India%7CChennai,,India%7CMumbai,,India%7CVirtual,,India&page=1"
Trane Technologies,https://careers.tranetechnologies.com/global/en/search-results?keywords=
Ericsson,https://jobs.ericsson.com/careers?page=1&jobPipeline=careersite&utm_source=ericsson.com&utm_medium=referral&utm_campaign=search_widget&start=0&pid=563121774185158&sort_by=hot
Hilton,https://jobs.hilton.com/apac/en/india-jobs
VOIS,https://jobs.vodafone.com/careers?start=0&location=India&pid=563018693369050&sort_by=distance&filter_include_remote=1&filter_brand=vois
R1 RCM,https://r1rcm.wd1.myworkdayjobs.com/R1RCM?Location_Country=c4f78be1a8f14da0ab49ce1162348a5e
SIS,https://sisindia.com/jobs/
HDFC Life,https://www.hdfclife.com/hdfc-careers/find-your-fit.html?jobRole=Sales%20&location=&reqId=undefined
Synchrony,https://www.synchronycareers.com/job-search-results/?location=India&country=IN&radius=25
Tata AIA Life Insurance,https://tataaia.ripplehire.com/candidate/?token=sHL2jO0rtOvpftwOGDCp&source=CAREERSITE#list
Tata AIG Insurance,https://careers.tataaig.com/search/?createNewAlert=false&q=&locationsearch=
Tata Capital,https://eofh.fa.em2.oraclecloud.com/hcmUI/CandidateExperience/en/sites/CX_3001/jobs?location=India&locationId=300000000378365&locationLevel=country&mode=location
Tata International,https://careers.tatainternational.com/search/?createNewAlert=false&q=&locationsearch=India
Tata Projects,https://careers.tataprojects.com/search/?createNewAlert=false&q=&optionsFacetsDD_location=&optionsFacetsDD_customfield3=&optionsFacetsDD_customfield4=&optionsFacetsDD_dept=&optionsFacetsDD_customfield1=
TeamLease Services,https://group.teamlease.com/careers/
Trent Limited,https://careers.trentlimited.com/search/?createNewAlert=false&q=&locationsearch=&optionsFacetsDD_dept=&optionsFacetsDD_customfield1=
UBS Group,https://jobs.ubs.com/TGnewUI/Search/home/HomeWithPreLoad?partnerid=25008&siteid=5012&PageType=searchResults&SearchType=linkquery&LinkID=15602#keyWordSearch=&locationSearch=
Uflex,https://aa193.taleo.net/careersection/ex/jobsearch.ftl?lang=en&portal=101430233
Diageo,https://www.linkedin.com/company/diageo-india/jobs/?viewAsMember=true
Vardhman,https://career5.successfactors.eu/career?company=vardhmante&career%5fns=job%5flisting%5fsummary&navBarLevel=JOB%5fSEARCH&site=VjItNGdmd1pBUnU5MWh0a3pSeDVIR1hHUT09&_s.crb=C9eKkkvGUdCT1P%2fHtk1FtF2vgT%2fDONqx41gOQ7ckkvU%3d
Varroc,https://varroc.sensehq.com/careers
Air India,https://careers.airindia.com/search/?createNewAlert=false&q=&locationsearch=
Volvo,https://jobs.volvogroup.com/
Waaree,https://www.waaree.com/careers/
Whirlpool Corporation,https://jobs.whirlpool.com/careers?start=0&pid=34398234860&sort_by=hot&filter_location_country=IND
Britannia Industries,https://britannia.turbohire.co/dashboardv2?orgId=c143932d-0df7-4856-9dc5-0a9f1ca26dc5&type=0
Delhivery,https://delhivery.darwinbox.in/ms/candidatev2/main/careers/allJobs
JSW Steel,https://myjsw.darwinbox.in/ms/candidatev2/main/careers/allJobs
Nykaa,https://www.nykaafashion.com/lp/careers?srsltid=AfmBOopwkniPsnJ_-BPltqgT83oG-pewDMSh1oAkLLiAzFn8LL9vPJqn
Shriram Group,https://www.shriramfinance.in/careers
Tata Chemicals,https://fa-eskj-saasfaprod1.fa.ocs.oraclecloud.com/hcmUI/CandidateExperience/en/sites/CX_1001/jobs?mode=location
Ramco Systems,https://www.ramco.com/careers/jobs-by-locations
The Walt Disney Company,https://www.disneycareers.com/en/location/india-jobs/391/1269750/2
Bajaj Electricals,https://careers.bajajelectricals.com/search/?createNewAlert=false&q=&locationsearch=
Bharti Axa Life Insurance Company,https://www.linkedin.com/jobs/search/?currentJobId=4351025516&f_C=312468&geoId=92000000&origin=COMPANY_PAGE_JOBS_CLUSTER_EXPANSION&originToLandingJobPostings=4351025516%2C4351592288
Crompton Greaves Consumer Electricals,https://www.crompton.co.in/pages/careers
Guangzhou Automobile Group,https://career.gac.com/?jobs-54d01ed5%5Bcountry%5D%5B%5D=IN
HCC,https://www.hccindia.com/career/current-opening
Honda Cars India,https://www.hondacarindia.com/careers
Munich Re,"https://careers.munichre.com/en/search-jobs?alrpm=1269750&ascf=[%7B%22Value%22:%22Munich+Re+all+companies%22,%22Key%22:%22custom_fields.Brands%22%7D]"
Saudi Aramco,https://india.aramco.com/en/careers/current-openings
AU Small Finance Bank,https://autalenthub.darwinbox.in/ms/candidatev2/main/careers/allJobs
Broadridge Financial Solutions,https://broadridge.wd5.myworkdayjobs.com/en-GB/Careers?Location_Country=c4f78be1a8f14da0ab49ce1162348a5e
Blue Yonder,https://careers.blueyonder.com/us/en/search-results?keywords=India
Encora,https://careers.encora.com/search
Firstsource,https://careers.firstsource.com/search/?createNewAlert=false&q=&locationsearch=
HDB Financial Services,https://careers.hdbfs.com/
Hewlett Packard Enterprise,https://careers.hpe.com/us/en/search-results?keywords=India
ServiceNow,https://careers.servicenow.com/jobs/?search=&country=India&pagesize=20#results
Experian,https://careers.smartrecruiters.com/experian
Stryker Corporation,https://careers.stryker.com/jobs?location_type=4&location_name=India
YASH Technologies,https://careers.yash.com/search?q=&locationsearch=
Century Plyboards,https://centuryply.x0pa.ai/public/microsites/centuryplycareers
Lucas TVS,https://chroma.tcsapps.com/webhcm/LTVS/careers?jobLevelSearch=experienced
Dow Inc.,"https://corporate.dow.com/en-us/careers/jobs.html#sort=relevancy&f:Job_Location=[Europe%2C%20Middle%20East%2C%20Africa%2C%20India,India]"
DP World,https://ehpv.fa.em2.oraclecloud.com/hcmUI/CandidateExperience/en/sites/CX_1/jobs?location=India&locationId=300000000273955&locationLevel=country&mode=location
Startek,https://fa-evuf-saasfaprod1.fa.ocs.oraclecloud.com/hcmUI/CandidateExperience/en/sites/CX_1/jobs?location=India&locationId=300000000471802&locationLevel=country&mode=job-location
First American,https://firstam.wd1.myworkdayjobs.com/en-US/faicareers
Fractal,https://fractal.wd1.myworkdayjobs.com/Careers
Impetus,https://impetus.openings.co/impetus/#!/
Gainwell Technologies,https://jobs.gainwelltechnologies.com/go/India-Jobs/9829400/
Ryan,https://ryan.wd1.myworkdayjobs.com/RyanCareers?locations=9c5ef1aaea1c1050c0d408f2350b94c3&locations=7cb141a2f2641001ebada432a0870000&locations=313eb71192a51001a581d3bde5ea0000
TVS Credit,https://tvscredit.talentrecruit.com/career-page
Smollan,https://www.linkedin.com/company/smollan-group/jobs/
MSC Technology,https://www.msc-technology.com/current-opening-india
Virtusa,https://www.virtusa.com/careers/job-search#India
Carelon Global Solutions,https://elevancehealth.wd1.myworkdayjobs.com/en-US/carelonglobal_in
HashedIn,https://hashedin.com/careers
Piramal Finance,https://piramalgroup.darwinbox.in/ms/candidate/careers
HTC Global,https://www.htcinc.com/career-job-listing/
3M,https://3m.wd1.myworkdayjobs.com/en-US/Search?Location_Country=c4f78be1a8f14da0ab49ce1162348a5e
Acko,https://www.acko.com/careers/jobs/
Aditya Birla Fashion and Retail,https://careers.adityabirla.com/fashion-retail
ADP,https://jobs.adp.com/en/jobs/?orderby=0&pagesize=20&page=1&mylocation=India&radius=100&rType=0
Advanced Micro Devices,https://careers.amd.com/careers-home/jobs?country=India&page=1
Airbnb,https://careers.airbnb.com/positions/?_where_you_work=india%2Cbangalore-india-75876%2Cgurugram-india-75875
Airtel,https://airtel.darwinbox.in/ms/candidatev2/main/careers/allJobs
Amgen,https://careers.amgen.com/en/location/india-jobs/87/1269750/2
Aon,"https://jobs.aon.com/jobs?locations=Bangalore,Karnataka,India%7CBengaluru,Karnataka,India%7CGreater%20Noida,Uttar%20Pradesh,India%7CGurgaon,Haryana,India%7CGurugram,Haryana,India%7CMumbai,Maharashtra,India%7CNOIDA,Uttar%20Pradesh,India&page=1"
Apollo Hospitals,https://cgs.fa.ap2.oraclecloud.com/hcmUI/CandidateExperience/en/sites/CX_2/jobs?location=India&locationId=300000000471745&locationLevel=country&mode=location
Ashok Leyland,https://ashokleyland.darwinbox.in/ms/candidate/a61cb038c35a54/careers
Atlassian,https://www.atlassian.com/company/careers/all-jobs?team=&location=India&search=
Autodesk,https://autodesk.wd1.myworkdayjobs.com/Ext?_gl=1*1oqsxil*_gcl_au*MTgxNzc2NTUxMy4xNzcxNDk3MzE0*_ga*MTUyMTAyMzU2MC4xNzcxNDk3MzEz*_ga_NZSJ72N6RX*czE3NzE0OTczMTMkbzEkZzEkdDE3NzE0OTczMTMkajYwJGwwJGgw&State_Region=701eb5584934425d930bc84b9e8b04eb&State_Region=a3c37012f51642f4a7b3dafc8ac37801
Becton Dickinson,https://jobs.bd.com/en/location/india-jobs/159/1269750/2
Biocon,https://career10.successfactors.com/career?company=bioconlimi&career%5fns=job%5flisting%5fsummary&navBarLevel=JOB%5fSEARCH&_s.crb=SzYOaazR54t4YB1PCctUttlb8GdDqA7LIeSnVs4uNqg%3d
BlackRock,https://careers.blackrock.com/location/gurgaon-jobs/45831/1269750-1270260-1270642/4
Blue Star,https://bluestar.workline.hr/CPortal/GeneralOpening.aspx?DetailCode=1
BNY,https://bnymellon.eightfold.ai/careers?start=0&location=India&pid=40076775&sort_by=distance&filter_include_remote=1
Bristol Myers Squibb,https://jobs.bms.com/careers?domain=bms.com&start=0&location=India&pid=137466878822&sort_by=distance&filter_include_remote=1
Cadence Design Systems,https://cadence.wd1.myworkdayjobs.com/External_Careers?Location_Country=c4f78be1a8f14da0ab49ce1162348a5e
Capital One,https://www.capitalonecareers.com/search-jobs/?orgIds=234&alcpm=1269750&alcipm=1168579-1164807-11744832-7046295&ascf=%5b%7b%22Key%22%3a%22custom_fields.displaylocation%22%2c%22Value%22%3a%22ALL%22%7d%5d
CARS24,https://careers.cars24.com/
Caterpillar Inc.,https://careers.caterpillar.com/en/jobs/?search=&country=India#results
CBRE Group,https://careers.cbre.com/en_US/careers/SearchJobs/?9577=%5B17142%5D&9577_format=10224&listFilterMode=1&jobSort=relevancy&jobRecordsPerPage=25&
Chubb,https://fa-ewgu-saasfaprod1.fa.ocs.oraclecloud.com/hcmUI/CandidateExperience/en/sites/CX_2001/jobs?lastSelectedFacet=LOCATIONS&selectedLocationsFacet=300000000467203%3B100000051386521%3B100000051386506%3B100000051401035
Cloudflare,"https://www.cloudflare.com/en-in/careers/jobs/?location=Bengaluru%2C+India
https://www.cloudflare.com/en-in/careers/jobs/?location=India"
Coinbase,"https://www.coinbase.com/en-gb/careers/positions?location=remote+india
https://www.coinbase.com/en-gb/careers/positions?location=hyderabad+india"
Coursera,https://careers.coursera.com/jobs/search?page=1&query=&country_codes%5B%5D=IN
CRED,https://careers.cred.club/openings
Deutsche Bahn,https://db.jobs/service/search/en-en/5379744?query=International%20Jobs%20DB%20E.C.O.%20Group%20Deutsche%20bahn%20international%20operations%20gmbh&location_awe=&qli=true&sort=pubExternalDate_tdt
Deutsche Telekom,https://careers.telekom.com/en/jobs?location=India
Dow,"https://corporate.dow.com/en-us/careers/jobs.html#sort=relevancy&f:Job_Location=[Europe%2C%20Middle%20East%2C%20Africa%2C%20India,India]"
EaseMyTrip,https://www.easemytrip.com/career.html#work
eBay Inc.,https://jobs.ebayinc.com/us/en/jobs-in-india
Eicher Motors,"https://careers.vecv.in/search/?createNewAlert=false&q=&locationsearch=&optionsFacetsDD_location=&optionsFacetsDD_city=&optionsFacetsDD_department=
https://careers.royalenfield.com/us/en/home?_gl=1*y9ntof*_gcl_au*MjEyNTMxOTY3NC4xNzcxNTc2ODg5*_ga*MTUyNjI5NjQ3MC4xNzcxNTc2ODg5*_ga_7746PERT32*czE3NzE1NzY4ODkkbzEkZzEkdDE3NzE1NzY5MjAkajI5JGwwJGgw"
Electronic Arts,https://jobs.ea.com/en_US/careers/Home/?8171=%5B10590%5D&8171_format=5683&listFilterMode=1&jobRecordsPerPage=20&
EPAM Systems,https://careers.epam.com/en/jobs?country=4060741400035606931
Essar Group,https://ekjy.fa.em2.oraclecloud.com/hcmUI/CandidateExperience/en/sites/CX_3007/jobs?mode=location
Expedia Group,https://careers.expediagroup.com/jobs/?&filter[country]=India
FlixBus,https://flix.careers/jobs/
Freshworks,https://careers.smartrecruiters.com/Freshworks
Gallagher,"https://jobs.ajg.com/ajg-global/jobs?locations=Bangalore,Karnataka,India%7CChandigarh,Punjab,India%7CGurugram,Haryana,India%7CMumbai,Maharashtra,India%7CPune,Maharashtra,India&page=1"
Gartner,https://jobs.gartner.com/jobs/?search=&country=India&pagesize=20
GE HealthCare,https://careers.gehealthcare.com/global/en/india-jobs
GoDaddy,https://careers.godaddy/jobs/search?page=1&query=&country_codes%5B%5D=IN
Haptik,https://haptik.freshteam.com/jobs?__hstc=233858945.0eecb6901547789a76a8150b48139b47.1650872173205.1656650197197.1656654941825.85&__hssc=233858945.2.1656654941825&__hsfp=&hsCtaTracking=be1d0f38-8578-466c-a65e-7dba125d958a%7C852c3dbe-26c9-4a01-a174-ad02a06686d9&_gl=1*efxtfg*_gcl_au*Nzc1MDMyODQ4LjE3NzE1OTQwMTE.*_ga*ODU2MzA1MTQ2LjE3NzE1OTQwMTA.*_ga_TL7ZLD0W5B*czE3NzE1OTQwMDkkbzEkZzAkdDE3NzE1OTQwMDkkajYwJGwwJGgw
Indegene,https://careers.indegene.com/search/?q=&q2=&alertId=&locationsearch=&facility=&title=&location=IN#searchresults
Ingersoll Rand,https://careers.irco.com/go/Middle-East%2C-India-and-Africa/9515600/?q=&q2=&alertId=&title=&department=&location=IN#searchresults
InMobi,https://www.inmobi.com/company/careers?country=india
Innovaccer,https://innovaccer.com/careers/jobs#view-jobs
Invesco,https://invesco.wd1.myworkdayjobs.com/en-GB/IVZ?locations=1804888b7f5a100128e426fb60bc0000
IQVIA,https://jobs.iqvia.com/en/jobs?locations=India
Reliance Industries,https://careers.ril.com/rilcareers/frmJobSearch.aspx?func=w+cpdiT6wL4=&loc=/wASbQn4xyQ=&expreq=/wASbQn4xyQ=&flag=/wASbQn4xyQ=
Kenvue,https://jobs.kenvue.com/?filter%5Bcountry%5D%5B0%5D=India
KKR & Co.,https://www.kkr.com/careers/career-opportunities
LinkedIn,https://www.linkedin.com/jobs/search/?currentJobId=4376554774&f_C=1337%2C2587638%2C39939&f_PP=105214831&geoId=92000000&origin=JOB_SEARCH_PAGE_JOB_FILTER&sortBy=R
Lululemon,https://www.linkedin.com/jobs/lululemon-jobs/?currentJobId=4373936903&originalSubdomain=in
Mahindra Group,https://jobs.mahindracareers.com/search/?createNewAlert=false&q=&locationsearch=&optionsFacetsDD_shifttype=&optionsFacetsDD_facility=&optionsFacetsDD_customfield1=
MakeMyTrip,https://careers.makemytrip.com/prod/jobs
Mastercard,https://careers.mastercard.com/us/en/search-results
Max Group,https://careers.maxlifeinsurance.com/search/?createNewAlert=false&q=&locationsearch=&optionsFacetsDD_location=&optionsFacetsDD_country=&optionsFacetsDD_state=&optionsFacetsDD_city=
McDonald's,https://talent500.com/jobs/mcdonaldsindia/
Motorola Solutions,https://motorolasolutions.wd5.myworkdayjobs.com/Careers?timeType=14bb6aa2c25e4a218b2a3faaa951e44c&locationCountry=c4f78be1a8f14da0ab49ce1162348a5e
National Payments Corporation of India,https://www.npci.org.in/careers
Odoo,https://www.odoo.com/jobs
OpenAI,https://openai.com/careers/search/?l=d2b1576e-0e1e-4611-b587-6f65f326be14%2C28e2c82d-aa3c-4f77-8084-ebf8888b22cf
Otis Worldwide,https://otis.wd5.myworkdayjobs.com/REC_Ext_Gateway?locationCountry=c4f78be1a8f14da0ab49ce1162348a5e
PayPal,https://paypal.eightfold.ai/careers?domain=paypal.com&start=0&location=india&pid=274917281549&sort_by=distance&filter_include_remote=1
PhonePe,https://www.phonepe.com/careers/job-openings/
Physics Wallah,https://www.linkedin.com/jobs/search/?currentJobId=4369437931&f_C=78087354&geoId=92000000&origin=COMPANY_PAGE_JOBS_CLUSTER_EXPANSION&originToLandingJobPostings=4367913315%2C4368349055%2C4369072699%2C4368171130%2C4371823053%2C4371837109%2C4368355116%2C4373907634%2C4369460114
Prudential Financial,https://prudential.wd3.myworkdayjobs.com/prudential?locationHierarchy1=c4f78be1a8f14da0ab49ce1162348a5e
Quest Diagnostics,https://indiacareers.questdiagnostics.com/location/india-jobs/38852/1269750/2
Ralph Lauren Corporation,https://careers.ralphlauren.com/CareersCorporate/SearchJobsCorporate/?3413=3312571&3413_format=1848&listFilterMode=1
Rippling,https://www.rippling.com/en-GB/careers/open-roles
Allstate,https://www.allstate.jobs/job-search-results/?compliment[]=India
Anthropic,https://www.anthropic.com/careers/jobs?office=4051957008
BharatPe,https://bharatpe.darwinbox.in/ms/candidatev2/main/careers/allJobs
Notion,https://www.notion.com/careers?location=hyderabad-india#open-positions
Fynd,https://www.fynd.com/careers#open-positions
Seven & I Holdings,https://7-eleven-gsc.ripplehire.com/candidate/?token=AdexT4WYTKbaWH7lieeK&lang=en&source=LINKEDIN&ref=LI02#list
UltraTech Cement,"https://abgcareers.peoplestrong.com/job/joblist
Org Unit: Cement"
Snowflake,https://careers.snowflake.com/us/en/search-results
Société Générale,https://careers.societegenerale.com/en/search?refinementList[jobLocation][0]=IND
Synopsys,https://careers.synopsys.com/search-jobs
Urban Company,https://careers.urbancompany.com/jobs
Willis Towers Watson,https://careers.wtwco.com/jobs/search?page=1&country_codes%5B%5D=IN&query=
Zebra Technologies,https://careers.zebra.com/careers
RPG Group,https://jobs.rpggroup.com/search/?createNewAlert=false&q=
Rockwell Automation,https://rockwellautomation.wd1.myworkdayjobs.com/en-US/External_Rockwell_Automation?locationCountry=c4f78be1a8f14da0ab49ce1162348a5e
ShareChat,https://sharechat.com/careers
Tata Technologies,https://tatatechnologies.ripplehire.com/candidate/?token=pUMIYomQw46RCgLl0Cyq&lang=en&source=CAREERSITE#list/bu=INDIA
Unacademy,https://unacademy.darwinbox.in/ms/candidatev2/main/careers/allJobs
Welspun,https://welpro.welspun.com/careers?SiteName=jSIHd9FMCv/kd6koxIV5bVFzdqnRhv7lEcsAW5OEjUs=
WeWork,https://weworkindia.hire.trakstar.com/
"Workday, Inc.",https://workday.wd5.myworkdayjobs.com/Workday/?source=Careers_Website&Location_Country=c4f78be1a8f14da0ab49ce1162348a5e
Truecaller,https://www.truecaller.com/careers/jobs
Zee Entertainment Enterprises,https://zee.sensehq.com/careers
Maersk,https://www.maersk.com/careers/vacancies?searchText=&city=
Accor,https://careers.accor.com/global/en/jobs?options=502%2C502&page=1&ln=&la=0&lo=0&lr=1&li=
Adidas,https://careers.adidas-group.com/jobs?brand=&team=&type=&keywords=&location=%5B%7B%22country%22%3A%22India%22%7D%5D&sort=&locale=en&offset=0
Amadeus,https://amadeus.wd502.myworkdayjobs.com/jobs?locationCountry=c4f78be1a8f14da0ab49ce1162348a5e
Amdocs,https://jobs.amdocs.com/careers?_gl=1*15dwam3*_gcl_au*MTYwNTkzMTc1OS4xNzcyMDE2OTU3*_ga*MTg3Nzg4OTE0LjE3NzIwMTY5NTY.*_ga_EVYPKWJHSE*czE3NzIwMTY5NTYkbzEkZzEkdDE3NzIwMTY5NTYkajYwJGwwJGgw&start=0&location=IN&pid=563431012320217&sort_by=distance&filter_include_remote=1
American Express Global Business Travel,https://travelhrportal.wd1.myworkdayjobs.com/Jobs/jobs?locationHierarchy2=bd2bf4b4421e1040c01289e2ed418910
Ametek,https://jobs.ametek.com/search/?q=&q2=&alertId=&title=&location=IN&date=#searchresults
Aptiv,https://www.aptiv.com/en/jobs/search?country=India
Athenahealth,https://careers.athenahealth.com/us/en/search-results
Axtria,https://www.axtria.com/axtria-careers/
Capco,https://www.capco.com/Careers/Job-Search
Cargill,https://careers.cargill.com/en/search-jobs
Zeiss,https://www.zeiss.com/career/en/job-search.html?page=1&locations=Ahmedabad%2C+India%2CBangalore%2C+India%2CChandigarh%2C+India%2CCoimbatore%2C+India%2CGurgaon%2C+India%2CHyderabad%2C+India%2CJaipur%2C+India%2CKolkata%2C+India%2CLucknow%2C+India%2CLudhiana%2C+India%2CMadurai%2C+India%2CNew+Delhi%2C+India%2CPune%2C+India%2CSurat%2C+India%2CVaranasi%2C+India%2Ccountry%3Aindia
Chevron,"https://careers.chevron.com/search-jobs?acm=ALL&alrpm=1269750&ascf=[%7B%22key%22:%22ALL%22,%22value%22:%22%22%7D]"
Collins Aerospace,https://careers.rtx.com/global/en/collins-aerospace-search-results-general
Cvent,https://careers.cvent.com/jobs?limit=100&page=1&location=India&stretch=10&stretchUnit=MILES
Ferrero,https://www.ferrerocareers.com/int/en/jobs?search_country=Ind&country[India]=India
Franklin Templeton,https://franklintempleton.wd5.myworkdayjobs.com/Primary-External-1?_gl=1*q7f5r8*_ga*Njg1MzEyNTU5LjE3NzIxMDQxNjM.*_ga_15V8ZZDP8Z*czE3NzIxMDQxNjIkbzEkZzAkdDE3NzIxMDQxOTgkajI0JGwwJGgw&locationCountry=c4f78be1a8f14da0ab49ce1162348a5e
Fujitsu,https://www.jobs.global.fujitsu.com/search/?q=&locationsearch=&searchResultView=LIST&markerViewed=&carouselIndex=&facetFilters=%7B%22jobLocationCountry%22%3A%5B%22India%22%5D%7D&pageNumber=0
GE Appliances,https://haier.wd3.myworkdayjobs.com/GE_Appliances?locationCountry=c4f78be1a8f14da0ab49ce1162348a5e
GE Vernova,https://careers.gevernova.com/jobs?filter%5Bcountry%5D%5B0%5D=India
Generali,https://www.generalicentralinsurance.com/current-openings
Genpact,https://genpact.taleo.net/careersection/sgy_external_career_section/jobsearch.ftl?lang=en&portal=44100025334&career-search=
GLG,"https://glginsights.com/careers/list/filter/tax/offices:gurugram,mumbai/"
Grab Taxi,https://www.grab.careers/en/jobs/?search=&country=India&pagesize=20#results
WPP,https://www.wpp.com/en/careers/current-opportunities
Guardian,https://guardianlife.wd5.myworkdayjobs.com/en-GB/Guardian-Life-Careers?locationCountry=c4f78be1a8f14da0ab49ce1162348a5e
H&M,https://career.hm.com/in-en/search/?l=cou%3Ain